{
	"data":
	[
		{
			"product_code": "MW-101",
			"totalDays": 365,
			"days": 179,
			"percent": 0.4904
		},
		{
			"product_code": "MW-102",
			"totalDays": 365,
			"days": 186,
			"percent": 0.5096
		},
		{
			"product_code": "MW-104",
			"totalDays": 365,
			"days": 260,
			"percent": 0.7123
		},
		{
			"product_code": "MW-105",
			"totalDays": 356,
			"days": 114,
			"percent": 0.3202
		},
		{
			"product_code": "MW-106",
			"totalDays": 365,
			"days": 171,
			"percent": 0.4685
		},
		{
			"product_code": "MW-108",
			"totalDays": 365,
			"days": 189,
			"percent": 0.5178
		},
		{
			"product_code": "MW-109",
			"totalDays": 365,
			"days": 125,
			"percent": 0.3425
		},
		{
			"product_code": "MW-110",
			"totalDays": 365,
			"days": 137,
			"percent": 0.3753
		},
		{
			"product_code": "MW-111",
			"totalDays": 365,
			"days": 99,
			"percent": 0.2712
		},
		{
			"product_code": "MW-112",
			"totalDays": 365,
			"days": 176,
			"percent": 0.4822
		},
		{
			"product_code": "MW-114",
			"totalDays": 108,
			"days": 69,
			"percent": 0.6389
		},
		{
			"product_code": "MW-120",
			"totalDays": 365,
			"days": 341,
			"percent": 0.9342
		},
		{
			"product_code": "MW-121",
			"totalDays": 140,
			"days": 94,
			"percent": 0.6714
		},
		{
			"product_code": "MW-122",
			"totalDays": 365,
			"days": 126,
			"percent": 0.3452
		},
		{
			"product_code": "MW-123",
			"totalDays": 365,
			"days": 57,
			"percent": 0.1562
		},
		{
			"product_code": "MW-124",
			"totalDays": 365,
			"days": 168,
			"percent": 0.4603
		},
		{
			"product_code": "MW-125",
			"totalDays": 365,
			"days": 141,
			"percent": 0.3863
		},
		{
			"product_code": "MW-126",
			"totalDays": 165,
			"days": 135,
			"percent": 0.8182
		},
		{
			"product_code": "MW-128",
			"totalDays": 365,
			"days": 196,
			"percent": 0.537
		},
		{
			"product_code": "MW-129",
			"totalDays": 365,
			"days": 146,
			"percent": 0.4
		},
		{
			"product_code": "MW-132",
			"totalDays": 353,
			"days": 262,
			"percent": 0.7422
		},
		{
			"product_code": "MW-133",
			"totalDays": 365,
			"days": 264,
			"percent": 0.7233
		},
		{
			"product_code": "MW-134",
			"totalDays": 331,
			"days": 291,
			"percent": 0.8792
		},
		{
			"product_code": "MW-135",
			"totalDays": 331,
			"days": 341,
			"percent": 1.0302
		},
		{
			"product_code": "MW-136",
			"totalDays": 331,
			"days": 18,
			"percent": 0.0544
		},
		{
			"product_code": "MW-137",
			"totalDays": 331,
			"days": 89,
			"percent": 0.2689
		},
		{
			"product_code": "MW-138",
			"totalDays": 331,
			"days": 144,
			"percent": 0.435
		},
		{
			"product_code": "MW-139",
			"totalDays": 331,
			"days": 48,
			"percent": 0.145
		},
		{
			"product_code": "MW-140",
			"totalDays": 331,
			"days": 74,
			"percent": 0.2236
		},
		{
			"product_code": "MW-141",
			"totalDays": 331,
			"days": 158,
			"percent": 0.4773
		},
		{
			"product_code": "MW-146",
			"totalDays": 274,
			"days": 233,
			"percent": 0.8504
		},
		{
			"product_code": "MW-147",
			"totalDays": 274,
			"days": 75,
			"percent": 0.2737
		},
		{
			"product_code": "MW-148",
			"totalDays": 274,
			"days": 126,
			"percent": 0.4599
		},
		{
			"product_code": "MW-149",
			"totalDays": 274,
			"days": 163,
			"percent": 0.5949
		},
		{
			"product_code": "MW-150",
			"totalDays": 274,
			"days": 259,
			"percent": 0.9453
		},
		{
			"product_code": "MW-154",
			"totalDays": 91,
			"days": 7,
			"percent": 0.0769
		},
		{
			"product_code": "MW-156",
			"totalDays": 30,
			"days": 16,
			"percent": 0.5333
		},
		{
			"product_code": "MW-157",
			"totalDays": 30,
			"days": 42,
			"percent": 1.4
		},
		{
			"product_code": "MW-158",
			"totalDays": 30,
			"days": 35,
			"percent": 1.1667
		},
		{
			"product_code": "MW-159",
			"totalDays": 30,
			"days": 20,
			"percent": 0.6667
		},
		{
			"product_code": "MW-160",
			"totalDays": 30,
			"days": 31,
			"percent": 1.0333
		},
		{
			"product_code": "MW-161",
			"totalDays": 30,
			"days": 23,
			"percent": 0.7667
		},
		{
			"product_code": "MW-162",
			"totalDays": 30,
			"days": 34,
			"percent": 1.1333
		},
		{
			"product_code": "MW-163",
			"totalDays": 30,
			"days": 7,
			"percent": 0.2333
		},
		{
			"product_code": "MW-164",
			"totalDays": 30,
			"days": 10,
			"percent": 0.3333
		},
		{
			"product_code": "MW-165",
			"totalDays": 30,
			"days": 21,
			"percent": 0.7
		},
		{
			"product_code": "MW-166",
			"totalDays": 30,
			"days": 17,
			"percent": 0.5667
		},
		{
			"product_code": "MW-167",
			"totalDays": 30,
			"days": 7,
			"percent": 0.2333
		},
		{
			"product_code": "MW-168",
			"totalDays": 30,
			"days": 14,
			"percent": 0.4667
		},
		{
			"product_code": "MW-169",
			"totalDays": 30,
			"days": 7,
			"percent": 0.2333
		},
		{
			"product_code": "MW-170",
			"totalDays": 30,
			"days": 63,
			"percent": 2.1
		},
		{
			"product_code": "MW-171",
			"totalDays": 30,
			"days": 7,
			"percent": 0.2333
		},
		{
			"product_code": "MW-49",
			"totalDays": 60,
			"days": 33,
			"percent": 0.55
		},
		{
			"product_code": "MW-54",
			"totalDays": 365,
			"days": 28,
			"percent": 0.0767
		},
		{
			"product_code": "MW-58",
			"totalDays": 365,
			"days": 15,
			"percent": 0.0411
		},
		{
			"product_code": "MW-64",
			"totalDays": 292,
			"days": 112,
			"percent": 0.3836
		},
		{
			"product_code": "MW-66",
			"totalDays": 213,
			"days": 132,
			"percent": 0.6197
		},
		{
			"product_code": "MW-68",
			"totalDays": 44,
			"days": 34,
			"percent": 0.7727
		},
		{
			"product_code": "MW-75",
			"totalDays": 25,
			"days": 7,
			"percent": 0.28
		},
		{
			"product_code": "MW-81",
			"totalDays": 72,
			"days": 20,
			"percent": 0.2778
		},
		{
			"product_code": "MW-83",
			"totalDays": 51,
			"days": 28,
			"percent": 0.549
		},
		{
			"product_code": "MW-84",
			"totalDays": 365,
			"days": 190,
			"percent": 0.5205
		},
		{
			"product_code": "MW-85",
			"totalDays": 341,
			"days": 260,
			"percent": 0.7625
		},
		{
			"product_code": "MW-86",
			"totalDays": 133,
			"days": 67,
			"percent": 0.5038
		},
		{
			"product_code": "MW-88",
			"totalDays": 90,
			"days": 22,
			"percent": 0.2444
		},
		{
			"product_code": "MW-89",
			"totalDays": 365,
			"days": 152,
			"percent": 0.4164
		},
		{
			"product_code": "MW-91",
			"totalDays": 365,
			"days": 199,
			"percent": 0.5452
		},
		{
			"product_code": "MW-92",
			"totalDays": 365,
			"days": 164,
			"percent": 0.4493
		},
		{
			"product_code": "MW-95",
			"totalDays": 359,
			"days": 159,
			"percent": 0.4429
		},
		{
			"product_code": "MW-96",
			"totalDays": 90,
			"days": 33,
			"percent": 0.3667
		},
		{
			"product_code": "MW-98",
			"totalDays": 90,
			"days": 44,
			"percent": 0.4889
		}
	]
}
